id,answer_type,string,keywords
1,resource,Give me all cosmonauts.,cosmonauts
2,date,Give me the birthdays of all actors of the television show Charmed.,"television show, Charmed, actor, birthday"
3,resource,Who is the daughter of Robert Kennedy married to?,"Robert Kennedy, daughter, married"
4,resource,Which river does the Brooklyn Bridge cross?,"river, cross, Brooklyn Bridge"
5,number,How many countries are there in Europe?,"Europe, countries"
6,resource,In which city did John F. Kennedy die?,"city, John F. Kennedy, die"
7,boolean,Does the Isar flow into a lake?,"Isar, flow, lake"
8,resource,Which countries have more than ten caves?,"country, cave, more than ten"
9,boolean,Are tree frogs a type of amphibian?,"tree frog, amphibian"
10,resource,Who created Goofy?,"created, Goofy"
11,resource,Give me the capitals of all countries in Africa.,"Africa, country, capital"
12,resource,Give me all cities in New Jersey with more than 100000 inhabitants.,"New Jersey, city, inhabitants, more than 100000"
13,resource,Which museum exhibits The Scream by Munch?,"museum, Scream, Munch"
14,boolean,Is Egypts largest city also its capital?,"largest city, Egypt, capital"
15,number,How many people live in the capital of Australia?,"Australia, capital, people, live"
16,resource,In which country is the Limerick Lake?,"Limerick Lake, country"
17,resource,Which television shows were created by John Cleese?,"television show, create, John Cleese"
18,resource,Which mountain is the highest after the Annapurna?,"mountain, highest after, Annapurna"
19,resource,In which films directed by Garry Marshall was Julia Roberts starring?,"film, directed, Garry Marshall, starring, Julia Roberts"
20,boolean,Was U.S. president Jackson involved in a war?,"U.S. president, Jackson, war"
21,resource,Give me all communist countries.,communist countries
22,resource,Which awards did Douglas Hofstadter win?,"Douglas Hofstadter, award"
23,resource,What is the currency of the Czech Republic?,"Czech republic, currency"
24,resource,Which countries adopted the Euro?,"country, adopt, Euro"
25,number,What is the area code of Berlin?,"Berlin, area code"
26,resource,Which countries have more than two official languages?,"country, official language, more than two"
27,resource,Who is the owner of Rolls-Royce?,"Rolls-Royce, owner"
28,resource,Through which countries does the Yenisei river flow?,"Yenisei river, flow through, country"
29,date,When did Latvia join the EU?,"Latvia, join, EU"
30,resource,Which politicians were married to a German?,"politician, married, German"
31,date,When was the Battle of Gettysburg?,Battle of Gettysburg
32,resource,What is the highest mountain in Australia?,"Australia, highest mountain"
33,resource,Give me all soccer clubs in Spain.,"Spain, soccer club"
34,resource,What is the official language of Suriname?,"Suriname, official language"
35,resource,Who is the mayor of Tel Aviv?,"Tel Aviv, mayor"
36,resource,Which telecommunications organizations are located in Belgium?,"telecommunications organization, located, Belgium"
37,boolean,Is Frank Herbert still alive?,"Frank Herbert, alive"
38,resource,What is the highest place of the Urals?,"Urals, highest place"
39,resource,Who wrote the lyrics for the Polish national anthem?,"Poland, national anthem, write, lyrics"
40,resource,Give me all federal chancellors of Germany.,"Germany, federal chancellors"
41,string,What is the official website of Tom Cruise?,"Tom Cruise, official website"
42,resource,List all episodes of the first season of the HBO television series The Sopranos.,"HBO, television series, Sopranos, first season, episode"
43,boolean,Is there a video game called Battle Chess?,"video game, Battle Chess"
44,string,Give me the websites of companies with more than 500000 employees.,"website, company, employee, more than 500000"
45,resource,Which actors were born in Germany?,"actor, born, Germany"
46,resource,Which instruments does Cat Stevens play?,"Cat Stevens, instrument"
47,resource,Give me all books written by Danielle Steel.,"book, written, Danielle Steel"
48,date,When did the Ming dynasty dissolve?,"dissolve, Ming dynasty"
49,boolean,Is Lake Baikal bigger than the Great Bear Lake?,"Lake Baikal, bigger than, Great Bear Lake"
50,boolean,Was the Cuban Missile Crisis earlier than the Bay of Pigs Invasion?,"Cuban Missile Crisis, earlier, Bay of Pigs Invasion"
51,boolean,Are there other solar systems?,solar systems
52,boolean,Did George Washington want to be a teacher?,"George Washington, teacher"
53,boolean,Does Johns Hopkins Bayview Medical Center have a burn victim unit?,"Johns Hopkins Bayview Medical Center,burn victim unit"
54,resource,Give me all greek gods.,greek gods
55,resource,Give me the names of all of the people who signed the American Declaration of Independence.,"people, signed, American Declaration of Independence, names"
56,resource,The name of which ocean refers to Atlas of Greek mythology?,"ocean, refers, Atlas, Greek mythology, name"
57,resource,Which star is about 4.24 light-years from the Sun.,"star, Sun, 4.24 light-years"
58,string,Which transmission does the German car with a top speed of 407 km/h have?,"transmission, German car, top speed of 407 km/h"
59,resource,Which star's diameter is about 109 times that of Earth?,"star's diameter, 109 times that of Earth"
60,resource,Which writer was involved in two successive plane crashes?,"writer, two successive plane crashes"
61,number,"How many children did the person have that began their concerts with 'Hello, I'm Johnny Cash'?","children, concerts,  'Hello, I'm Johnny Cash'"
62,number,What is the team size of the sport that is practiced by 250 million players in over 200 nations?,"team size, sport, 250 million players, over 200 nations"
63,boolean,Were there more than 1000 different species of non-avian dinosaurs?,"different species of non-avian dinosaurs, more than,  1000"
64,resource,Which indigenous language includes a large proportion of non-indigenous people?,"indigenous language, includes, non-indigenous people"
65,resource,Which animal is primarily responsible for the extinction of 33 species of birds?,"animal, responsible, extinction, 33 species of birds"
66,boolean,Was the Earth formed about 4.54 billion years ago?,"Earth, formed, 4.54 billion years "
67,resource,Which television series is about the survivors of a passenger jet crash on a tropical island?,"television series, survivors,  jet crash, tropical island"
68,resource,In what present-day country did the Protestant Reformation begin?,"country, begin, Protestant Reformation"
69,boolean,Is Michael Jordan the MVP of all time?,"Michael Jordan,  MVP, all time"
70,resource,Which company is a portmanteau of the words microcomputer and software?,"company, portmanteau, microcomputer and software"
71,resource,What causes earthquakes?,"earthquakes, causes"
72,resource,Who was the first European to reach India by sea?,"India, sea"
73,resource,For which video game was an Apple II version planned but never released.,"video game, Apple, version"
74,boolean,Is an eggshell made of Calcium carbonate?,"eggshell, Calcium carbonate"
75,resource,What is California's state bird?,California's state bird
76,resource,What is the worldwide best-selling album of all time?,"worldwide best-selling album, time"
77,string,What is the alias of the band which member was ranked the 17th greatest guitarist of all time by a Guitar World magazine reader's poll in 2012?,"time, Guitar World magazine reader's poll, member, greatest guitarist, alias, band"
78,resource,What is the best-selling book of all time?,"best-selling book, time"
79,number,What is the maximum depth of the lake with the alleged sighted monster Nessie?,"lake, alleged sighted monster Nessie, maximum depth"
80,number,How many bits does the CPU of the device have that IGN named the 9th greatest video game console of all time?,"IGN, greatest video game console, time, CPU, device"
81,resource,What is created by tanning animal rawhide?,animal rawhide
82,resource,What is the capital of the state whose flag reflects Hispanic and Native American influences?,"flag, Native American influences, state"
83,resource,What causes the sound of thunder?,sound of thunder
84,resource,Which animal is the largest flying land bird in the western hemisphere?,"largest flying land bird, western hemisphere, animal"
85,number,What is the total population of the town that port wine is named after?,"town, total population, port wine"
86,date,Give me the completion date of the ship sunken in the North Atlantic Ocean in 1912 and rediscovered in 1985.,"ship sunken, North Atlantic Ocean, completion date"
87,date,When did the person who worked on short satirical poems together with Goethe die?,"short satirical poems, Goethe die, person"
88,resource,Which food's name derived from the verb 'empanar'?,"verb, food's, empanar"
89,date,When was the leader of the first Antarctic expedition to reach the South Pole born?,"Antarctic expedition, South Pole, leader"
90,resource,"Which urban fire in the United States burned from October 8 to October 10, 1871?",United States
91,string,What is the official name of the host city of the Summer Olympic Games in 1932 and 1984?,"host city, Summer Olympic Games"
92,date,When was the band found whose performance in 1998 was documented by Wim Wenders?,"performance, Wim Wenders, band"
93,resource,Which battle in 1757 marked the beginning of the expansion of the British Empire in Asia?,"expansion, British Empire, Asia"
94,resource,Which Hindu deity is also known as 'Vinayaka'?,"Hindu deity, Vinayaka"
95,resource,Which newspaper had an average daily circulation of 189000 copies in August 2013?,"average daily circulation, newspaper, copies"
96,resource,Which tiger reserve in India shares the north-eastern boundary with Nepal?,"India, north-eastern boundary"
97,resource,Who was the first deaf-blind person to receive a bachelor of arts degree?,"deaf-blind person, bachelor of arts degree"
98,resource,Who was the first man to walk on the moon?,"man, moon, walk"
99,number,How many floors does the tower on the Champ de Mars in Paris have?,"Champ, tower, Mars"
100,resource,The net worth of which actor is estimated by Forbes magazine to be $350 million?,"actor, net worth, Forbes magazine"
101,resource,Who was the doctoral supervisor of Albert Einstein?,"doctoral supervisor, Albert Einstein"
102,boolean,Did Kaurismäki ever win the Grand Prix at Cannes?,"Kaurismäki, winner, Grand Prix at Cannes"
103,resource,Who wrote the song Hotel California?,"write, song, Hotel California"
104,resource,Who was on the Apollo 11 mission?,"involved people, Apollo 11 mission"
105,resource,Which electronics companies were founded in Beijing?,"electronics companies, founded, Beijing"
106,resource,What is in a chocolate chip cookie?,"ingredients, chocolate chip cookie"
107,boolean,Was the wife of president Lincoln called Mary?,"Lincoln, president, wife, called, Mary"
108,number,How many movies did Park Chan-wook direct?,"how many movies, directed, Park Chan-wook"
109,resource,In which U.S. state is Mount McKinley located?,"U.S. state, located, Mount McKinley"
110,resource,Which Indian company has the most employees?,"Indian company, the most employees"
111,resource,In which school did Obama's wife study?,"school, Obama's wife, study"
112,resource,Where does Piccadilly start?,"Piccadilly, start"
113,resource,What is the capital of Cameroon?,"capital, Cameroon"
114,date,When did the Boston Tea Party take place?,"Boston Tea Party, take place"
115,resource,Who played Gus Fring in Breaking Bad?,"play, Gus Fring, Breaking Bad"
116,resource,Who wrote Harry Potter?,"wrote, Harry Potter"
117,resource,Which actors play in Big Bang Theory?,"actors, Big Bang Theory"
118,resource,What is the largest country in the world?,"largest country, world"
119,resource,Which states border Illinois?,"state, border, Illinois"
120,number,How many goals did Pelé score?,"how many, goal, Pelé"
121,resource,Who is the president of Eritrea?,"president, Eritrea"
122,resource,Which computer scientist won an oscar?,"computer scientist, win, oscar"
123,resource,Who created Family Guy?,"create, Family Guy"
124,number,How many people live in Poland?,"How many people, Poland"
125,resource,To which party does the mayor of Paris belong?,"party, mayor of Paris, belong"
126,resource,Who does the voice of Bart Simpson?,"voice, Bart Simpson"
127,resource,Who composed the soundtrack for Cameron's Titanic?,"compose, soundtrack, Cameron's Titanic"
128,date,When did Boris Becker end his active career?,"Boris Becker, end career"
129,resource,Show me all basketball players that are higher than 2 meters.,"basketball players, higher than 2 meters"
130,resource,What country is Sitecore from?,"country, Sitecore"
131,resource,Which country was Bill Gates born in?,"country, born, Bill Gates"
132,resource,Who developed Slack?,"developer, Slack"
133,resource,In which city did Nikos Kazantzakis die?,"city, Nikos Kazantzakis, die"
134,number,How many grand-children did Jacques Cousteau have?,"how many, grand-children, Jacques Cousteau"
135,resource,Which films did Stanley Kubrick direct?,"film, Stanley Kubrick, direct"
136,boolean,Does Neymar play for Real Madrid?,"Neymar, play, Real Madrid"
137,number,How many seats does the home stadium of FC Porto have?,"How many seats, stadium of FC Porto"
138,resource,Show me all books in Asimov's Foundation series.,"books, Asimov, Foundation series"
139,resource,Which movies star both Liz Taylor and Richard Burton?,"movies, star, Liz Taylor, Richard Burton?"
140,resource,In which city are the headquarters of the United Nations?,"city, headquarters of the United Nations"
141,resource,In which city was the president of Montenegro born?,"city, born, president of Montenegro"
142,resource,Which writers studied in Istanbul?,"writers, studied, Istanbul"
143,resource,Who is the mayor of Paris?,mayor of Paris
144,string,What is the full name of Prince Charles?,"full name, Prince Charles"
145,resource,What is the longest river in China?,"longest river, China"
146,resource,Who discovered Ceres?,"discoverer, Ceres"
147,date,When did princess Diana die?,"date, princess Diana, died"
148,resource,Which presidents were born in 1945?,"president, born, 1945"
149,resource,Give me all federal chancellors of Germany.,"Germany, federal chancellors"
150,number,How many moons does Mars have?,"how many, moons, Mars"
151,resource,What was the first Queen album?,"first album, Queen"
152,boolean,Did Elvis Presley have children?,"Elvis Presley, children"
153,resource,Give me a list of all Canadians that reside in the U.S.,"list, Canadians, residing in the U.S."
154,resource,Where is Syngman Rhee buried?,"where, Syngman Rhee, buried"
155,resource,In which countries do people speak Japanese?,"which countries, speak, Japanese"
156,resource,Who is the king of the Netherlands?,"king, the Netherlands"
157,resource,Who produced the most films?,"film, produced, most"
158,resource,Show me all Czech movies.,Czech movies
159,resource,Which rivers flow into the North Sea?,"rivers, flow, North Sea"
160,date,When did Operation Overlord commence?,"when, Operation Overlord, commence"
161,resource,Where do the Red Sox play?,"where, Red Sox, play"
162,resource,In which time zone is Rome?,"time zone, Rome"
163,resource,Give me a list of all critically endangered birds.,"list, critically endangered birds"
164,number,How much did the Lego Movie cost?,"Lego Movie, cost"
165,resource,What was the original occupation of the inventor of Lego?,"original occupation, inventor, Lego"
166,resource,Which countries have more than ten volcanoes?,"countries, more than ten volcanoes"
167,resource,Show me all U.S. states.,U.S. states
168,resource,Who wrote the Game of Thrones theme?,"writer, Game of Thrones"
169,resource,Give me all films produced by Hal Roach.,"film, produce, Hal Roach"
170,resource,In which films did Julia Roberts as well as Richard Gere play?,"film, play, Julia Roberts, Richard Gere"
171,date,When was Olof Palme shot?,"date, Olof Palme, shot"
172,number,How many emperors did China have?,"How many emperors, China"
173,resource,Show me the book that Muhammad Ali wrote.,"book, wrote, Muhammad Ali"
174,resource,Which country has the most official languages?,"country, official language, most"
175,resource,How did Michael Jackson die?,"how, Michael Jackson, die"
176,resource,Which space probes were sent into orbit around the sun?,"space probes, orbit around the sun"
177,resource,Who produced films starring Natalie Portman?,"produce, film, starring, Natalie Portman"
178,resource,What is the biggest stadium in Spain?,"biggest stadium, Spain"
179,resource,On which day is Columbus Day?,"day, Columbus Day"
180,resource,How short is the shortest active NBA player?,"How short, shortest active player, NBA"
181,resource,Whom did Lance Bass marry?,"wife, Lance Bass"
182,resource,What form of government does Russia have?,"form of government, Russia"
183,resource,What movies does Jesse Eisenberg play in?,"movies, Jesse Eisenberg"
184,resource,Give me all soccer clubs in the Premier League.,"Premier League, soccer club"
185,resource,Show me all museums in London.,"museums, London"
186,resource,Give me all South American countries.,"countries, South American"
187,resource,Which pope succeeded John Paul II?,"pope, succeed, John Paul II"
188,resource,Who is the son of Sonny and Cher?,"son, Sonny and Cher"
189,resource,What are the five boroughs of New York?,"five boroughs, New York"
190,resource,Show me Hemingway's autobiography.,"autobiography, Hemingway"
191,resource,What kind of music did Lou Reed play?,"kind of music, Lou Reed, play"
192,resource,In which city does Sylvester Stallone live?,"city, live, Sylvester Stallone"
193,resource,Who was Vincent van Gogh inspired by?,"person, inspiring, Vincent van Gogh"
194,string,What are the names of the Teenage Mutant Ninja Turtles?,"names, Teenage Mutant Ninja Turtles"
195,resource,What are the zodiac signs?,zodiac signs
196,resource,What languages do they speak in Pakistan?,"languages, Pakistan"
197,resource,Who became president after JFK died?,"president, after JFK death"
198,resource,In what city is the Heineken brewery?,"city, Heineken brewery"
199,resource,What is Elon Musk famous for?,"famous for, Elon Musk"
200,string,What is Batman's real name?,"real name, Batman"
201,resource,Who plays Phileas Fogg in the adaptation of Around the World in 80 Days directed by Buzz Kulik?,"adaptation, Days, World, Buzz Kulik"
202,resource,At which college did the only American actor that received the César Award study?,"American actor, César Award study, college"
203,resource,Where did the first man in space die?,"man, space die"
204,resource,Which Chinese-speaking country is a former Portguese colony?,"country, Portguese colony, Chinese-speaking"
205,resource,What is the largest city in the county in which Faulkner spent most of his life?,"Faulkner, county, largest city"
206,resource,Which movie by the Coen brothers stars John Turturro in the role of a New York City playwright?,"role, Coen brothers stars John Turturro, New York City playwright, movie"
207,resource,Dakar is the capital of which country member of the African Union?,"country member, capital, African Union, Dakar"
208,resource,Which city does the first person to climb all 14 eight-thousanders come from?,"city, person, thousanders"
209,resource,Under which king did the British prime minister that signed the Munich agreement serve?,"British prime minister, Munich agreement, king"
210,resource,Who succeeded the pope that reigned only 33 days?,"pope, 33 days"
211,resource,A landmark of which city is the home of the Mona Lisa?,"home, city, Mona Lisa"
212,resource,Which street basketball player was diagnosed with Sarcoidosis?,"street basketball player, Sarcoidosis"
213,date,When was the composer of the opera Madame Butterfly born?,"composer, opera Madame Butterfly"
214,resource,Which anti-apartheid activist graduated from the University of South Africa?,"University of South Africa, anti-apartheid activist"
215,resource,Who is the front man of the band that wrote Coffee & TV?,"band, Coffee, man"
216,resource,Which recipients of the Victoria Cross died in the Battle of Arnhem?,"Victoria Cross, Battle of Arnhem, recipients"
217,resource,Gaborone is the capital of which country member of the African Union?,"country member, capital, African Union, Gaborone "
218,resource,Which German mathematicians were members of the von Braun rocket group?,"members, Braun rocket group"
219,boolean,Are there man-made lakes in Australia that are deeper than 100 meters?,"Australia, man-made lakes, meters"
220,resource,Which Secretary of State policies lead to the United States' acquisition of Pacific colonies?,"United States' acquisition of Pacific colonies, Secretary of State policies"
221,resource,Which Secretary of State was significantly involved in the United States' dominance of the Caribbean?,"United States' dominance, Caribbean, Secretary of State"
222,resource,Who played the drums in the band that wrote Complete Control?,"band, Complete Control"
223,resource,Which horses did The Long Fellow ride?,"horses, Long Fellow ride"
224,number,How many awards achieved the creator of the world's most famous equation?,"world's, creator, famous equation"
225,resource,"Of the people that died of radiation in Los Alamos, whose death was an accident?","radiation, Los Alamos, death"
226,resource,Which writers converted to Islam?,"writers, converted, Islam"
227,string,Under which pseudonym did Charles Dickens publish some of his books?,"Charles Dickens, pseudonym"
228,resource,For which movie did the daughter of Francis Ford Coppola receive an Oscar?,"daughter of Francis Ford Coppola, movie, Oscar"
229,resource,Who is the president by whom 20 million Americans had gained health insurance?,"Americans, gained health insurance, president"
230,resource,Who invented the World Wide Web?,World Wide Web
231,resource,Which astronauts died at the Columbia disaster also known as STS-107?,"Columbia disaster, astronauts, STS-107"
232,resource,In which city was the assassin of Martin Luther King born?,"assassin of Martin Luther King, assassin , city"
233,string,What is the name of the Viennese newspaper founded by the creator of the croissant?,"creator, Viennese newspaper, croissant"
234,resource,Which members of the Wu-Tang Clan took their stage name from a movie?,"stage, Wu-Tang Clan, members"
235,resource,Which actress starring in the TV series Friends owns the production company Coquette Productions?,"TV series Friends, production company Coquette Productions, actress"
236,resource,Who of those resting in Westminster Abbey wrote a book set in London and Paris?,"book set, London, Westminster Abbey"
237,resource,List all the battles commanded by the lover of Cleopatra.,"battles, lover of Cleopatra"
238,resource,Who was vice president under the president who authorized atomic weapons against Japan during World War II?,"vice president, atomic weapons, Japan, World War ii"
239,string,Daniel Craig,Daniel Craig
240,resource,Which anti-apartheid activist was born in Mvezo?,"anti-apartheid activist, Mvezo"
241,resource,The home of the Mona Lisa is a landmark of which city?,"Mona Lisa, landmark, home"
242,resource,On which island did the national poet of Greece die?,"national poet of Greece die, island"
243,resource,Which books of the laureate of American lowlife are published by Black Sparrow Books?,"Black Sparrow Books, laureate of American lowlife"
244,number,How many floors does the world's only 7 star hotel have?,"world's, 7 star hotel, floors"
245,resource,How many children does the actor who plays Dan White in Milk have?,"children, actor, Dan White, Milk"
246,resource,Who are the architects of the tallest building in Japan?,"architects, tallest building, japan"
247,resource,Which recipients of the Victoria Cross fought in the Battle of Arnhem?,"Victoria Cross, Battle of Arnhem, recipients"
248,resource,"Which buildings in art deco style did Shreve, Lamb and Harmon design?","Shreve, Lamb, art deco style"
249,resource,Which country did the first known photographer of snowflakes come from?,"known photographer of snowflakes, country"
250,resource,"What is the Answer to The Ultimate Question of Life, the Universe, and Everything?","Ultimate Question of Life, Answer, Universe"
251,resource,Which building owned by the Bank of America was featured in the TV series MegaStructures?,"Bank of America, TV series MegaStructures"
252,number,How old is James Bond in the latest Bond book by William Boyd?,"James Bond, latest Bond book, William Boyd"
253,resource,Which of the volcanoes that erupted in 1550 was named after an explorer?,"volcanoes,  erupted in 1550, named, explorer"
254,resource,"In which British territories was the \""Father of Singapore\"" born?","Father of Singapore, British territories, born"
255,number,How many Golden Globe awards did the daughter of Henry Fonda win?,"daughter of Henry Fonda win, Golden Globe awards"
256,resource,Who are the sons of the songwriter of the Beatles?,"sons, songwriter"
257,resource,Where did the first human in space die?,"human, space die"
258,resource,Which daughter of Francis Ford Coppola received an Academy Award for Lost in Translation?,"Academy Award, daughter of Francis Ford Coppola, Translation"
259,number,"In which year did the Hungarian-American actor called \""The King of Horror\"" make his first film?","Hungarian-American actor, year, King of Horror, film"
260,resource,What is the native city of Hollywood's highest-paid actress?,native city of Hollywood's highest-paid actress
261,resource,Give me the currencies of all G8 countries.,"currencies, G8 countries"
262,boolean,Did Napoleon's first wife die in France?,"Napoleon's, wife"
263,resource,In which city does the leader of the Xposé girls live?,"leader, Xposé girls, city"
264,date,When was the composer of the opera Madama Butterfly born?,"composer, opera Madama Butterfly"
265,number,How many Golden Globe awards did the husband of Katie Holmes win?,"husband of Katie Holmes win, Golden Globe awards"
266,resource,Are the Rosetta Stone and the Gayer-Andersen cat exhibited in the same museum?,"Gayer-Andersen cat, Rosetta Stone, museum"
267,resource,In which city was the mother of Bill Gates born?,"city, mother of Bill Gates, born"
268,resource,What eating disorder is characterized by an appetite for substances such as clay and sand?,"appetite, substances, clay"
269,string,Lost in Translation,Translation
270,resource,Which movie established a second carrier for Bill Murray?,"carrier, Bill Murray"
271,resource,Which anti-apartheid revolutionary was born in Mvezo?,"anti-apartheid revolutionary, Mvezo"
272,resource,In which town was the man convicted of killing Martin Luther King born?,"man, Martin Luther King, town, killed"
273,resource,Under which king did the British prime minister that had a reputation as a playboy serve?,"reputation, British prime minister, king,  playboy serve"
274,number,How old was Steve Job's sister when she first met him?,"Steve Job's sister, old, meet"
275,date,When was the the greatest composer of Italian opera after Verdi born?,"greatest composer of Italian opera, Verdi"
276,resource,Who composed the music for the film that depicts the early life of Jane Austen?,"early life of Jane Austen, film, music"
277,resource,Which writers had influenced the philosopher that refused a Nobel Prize?,"philosopher, Nobel Prize"
278,resource,Who composed the music for the film that depicts the early life of Jane Austin?,"early life of Jane Austin, film, music"
279,string,Under which pseudonym did Charles Dickens write some of his books?,"Charles Dickens, pseudonym"
280,resource,Which princess died in a car crash in Paris?,"car crash, princess"
281,resource,Which birds are protected under the National Parks and Wildlife Act?,"National Parks, Wildlife Act"
282,resource,List all the battles fought by the lover of Cleopatra.,"battles, lover of Cleopatra"
283,resource,Who is the founder of the Turkish Republic?,"founder, Turkish Republic"
284,resource,Which buildings owned by the crown overlook the North Sea?,"crown, North Sea"
285,resource,Which of the volcanoes that erupted in 1550 is still active?,"volcanoes, active"
286,resource,"Where was the \""Father of Singapore\"" born?","Father of Singapore,born"
287,resource,Who was the president of the USSR during the cold war?,"USSR, cold war, president"
288,resource,What is the birth place of Hollywood's highest-paid actress?,birth place of Hollywood's highest-paid actress
289,resource,Where was the first race for the greatest Formula One driver of all times?,"greatest Formula, driver, race"
290,resource,Who is the wife of the creator of the César Award?,"creator, César Award"
291,resource,Who were generals of the battle of gettysburg?,"generals, battle of gettysburg"
292,resource,In which city where Charlie Chaplin's half brothers born?,"Charlie Chaplin's half brothers, city"
293,resource,Who was the mayor of London during the olympic games?,"mayor of London, olympic games"
294,resource,Who is the architect of the tallest building in Japan?,"architect, tallest building,japan"
295,resource,In which city does the sports commentator know as Memory Man live?,"sports commentator, Memory Man, city"
296,date,When was the European President known as the decider born?,"European President, decider"
297,number,How old was Steve Jobs' sister when she first met him?,"Steve Jobs' sister, old, meet"
298,resource,Who was vice president under the president who approved the use of atomic weapons against Japan during World War II?,"vice president, Japan, use of atomic weapons, World War ii"
299,resource,What eating disorder is characterized by eating substances such as clay and sand?,"substances, clay, sand"
300,resource,Who first deciphered the Egyptian hieroglyphs?,"Egyptian hieroglyphs, deciphered "
301,resource,In which city does the former main presenter of the Xposé girls live?,"main presenter, Xposé girls, city"
302,resource,In which town was the assassin of Martin Luther King born?,"assassin of Martin Luther King, town, assasain"
303,boolean,Did Robin Cook attend a university?,"Robin Cook, attend, university"
304,boolean,Did Tony Fry influence Aristotle?,"Tony Fry, influence, Aristotle"
305,boolean,Does Por tu amor have more episodes than Game of Thrones?,"Por tu amor, more, episodes, Game of Thrones"
306,boolean,Does the Alba River flow into a lake?,"Alba River, flow, lake"
307,resource,From which region is the Refosco dal Peduncolo Rosso?,"region, Refosco dal Peduncolo Rosso"
308,resource,Give me all Avant-garde jazz record labels.,Avant-garde jazz record labels
309,resource,Give me all books written by David Foster Wallace.,"books, written, David Foster Wallace"
310,resource,Give me all cars that are produced in Netherlands.,"cars, produced, Netherlands"
311,resource,Give me all companies in Jena.,"companies, Jena"
312,resource,Give me all inflows of the Lake Houston.,"inflows, Lake Houston"
313,resource,Give me all members of The Who.,"members, The Who"
314,resource,Give me all professional skateboarders from Sweden.,"professional, skateboarders, Sweden"
315,resource,Give me all soccer clubs in Qatar.,"soccer clubs, Qatar"
316,resource,Give me all video games published by Black Isle Studios.,"video games, published, Black Isle Studios"
317,resource,Give me the children of David Foster.,"children, David Foster"
318,string,Give me the homepage of Metropolitan Home.,"homepage, Metropolitan Home"
319,number,How big is the Mammoth Pool Reservoir?,"big, Mammoth Pool Reservoir"
320,number,How deep is Steinsee?,"deep, Steinsee"
321,number,How high is the Doe Hill Mountain?,"high, Doe Hill Mountain"
322,number,How high is the Volcano Mountain?,"high, Volcano Mountain"
323,number,How high is the Landegode Lighthouse?,"high, Landegode Lighthouse"
324,number,How many employees does Staedtler have?,"many, employees, Staedtler"
325,number,How many ethnic groups live in Spain?,"ethnic groups, live, Spain"
326,number,How many inhabitants does Nagamangala have?,"inhabitants, Nagamangala"
327,number,How many museums does Sofia have?,"museums, Sofia"
328,number,How many pages does The Man with the Red Tattoo have?,"pages, The Man with the Red Tattoo"
329,number,How many people live in the capital of Togo?,"people, live, capital, Togo "
330,number,How many politicians graduated from Stanford University?,"politicians, graduated, Stanford University"
331,number,How many scientists graduated from Washburn University?,"scientists, graduated, Washburn University"
332,number,How many students does the Texas Tech University have?,"students, Texas Tech University"
333,number,How much did Vanilla Sky cost?,"Vanilla Sky, cost"
334,number,How often did Teresa Mo marry?,"Teresa Mo, marry"
335,number,How tall is John Windsor?,"tall, John Windsor"
336,number,How tall is Kate Upton?,"tall, Kate Upton"
337,resource,In which country is Solaize located?,"country, Solaize, located"
338,resource,In which country is the Tasman Lake?,"country, Tasman Lake"
339,resource,In which country is the Tiefer See?,"country, Tiefer See"
340,resource,In which programming language is QuickTime written?,"programming language, QuickTime, written"
341,boolean,Is Campari a beverage?,"Campari, beverage"
342,boolean,Is Lisa Guerrero a model?,"Lisa Guerrero, model"
343,boolean,Is Sol Tax a scientist?,"Sol Tax, scientist"
344,boolean,Is Joe Biden a democrat?,"Joe Biden, democrat"
345,boolean,Is David Macaulay still alive?,"David Macaulay, alive"
346,boolean,Is Wilma Flintstone married?,"Wilma Flintstone, married"
347,boolean,Is there a video game called Flappy Bird?,"video, game, called, Flappy Bird"
348,resource,Show me everyone who was born on Boxing Day.,"born, Boxing_Day"
349,boolean,Was Peter Isola a chemist?,"Peter Isola, chemist"
350,boolean,Was Denis Dutton born in Sioux City?,"Denis Dutton, born, Sioux City"
351,boolean,Was Vannes Wu born in Aachen-Mitte?,"Vanness Wu, born, Aachen-Mitte"
352,boolean,Was the band Led Zeppelin founded before DJ Tomekk was born?,"band, Led Zeppelin, founded, DJ Tomekk, born"
353,boolean,Was the band ZZ Top founded before Macklemore was born?,"band, ZZ Top, founded, Macklemore, born"
354,resource,What are the official languages of Tunisia?,"official, languages, Tunisia"
355,string,What is the area code of Aegina?,"area code, Aegina"
356,resource,What is the capital of Venezuela?,"capital, Venezuela"
357,resource,What is the currency of Rhodesia?,"currency, Rhodesia"
358,string,What is the eye color of Liza Kennedy?,"eye color, Liza Kennedy"
359,string,What is the hair color of Marlon Teixeira?,"hair color, Marlon Teixeira"
360,string,What is the official color of the Carleton University?,"official color, Carleton University"
361,resource,What is the ruling party in Lo Espejo?,"ruling party, Lo Espejo"
362,date,When did Jules Bergman die?,"Jules Bergman, die"
363,date,When did Red Sonja's creator die?,"Red Sonja, creator die"
364,date,When is Gibraltar Diamond Jubilee Flotilla?,Gibraltar Diamon Jubilee Flotilla
365,date,When was Sevcon founded?,"Sevcon, founded"
366,date,When was Albert Schweitzer born?,"Albert Schweitzer, born"
367,number,When was the Cobble Hill Tunnel built?,"Cobble Hill Tunnel, built"
368,number,When was the Riverdale Monument built?,"Riverdale Monument, built"
369,date,When was the Operation Purple Haze?,Operation Purple Haze
370,resource,Where did Queen Emma of Hawaii  die?,"Queen Emma of Hawaii , die"
371,resource,Where is the Sandhammaren located?,"Sandhammaren, located"
372,resource,Which airports are located in Chios?,"airports, located, Chios"
373,resource,Which artist made the album Old School Prankstas?,"artist, made, album, Old School Prankstas"
374,resource,Which books were published by DAW Books?,"books, published, DAW Books"
375,resource,Which bridges cross the Prut?,"bridges, cross, Prut"
376,resource,Which instruments does Courtney Love play?,"instruments, Courtney Love, play"
377,resource,Which languages are spoken in Romania?,"languages, spoken, Romania"
378,resource,Which museum exhibits The Skater?,"museum, exhibits, The Skater"
379,resource,Which music albums contain the song Into Your Arms?,"music albums, contain, song, Into Your Arms"
380,resource,Which organizations were founded in 1918?,"organizations, founded, 1918"
381,resource,Which presidents were born in 1891?,"presidents, born, 1891"
382,resource,Which professional surfers were born in Australia?,"professional surfers, born, Australia"
383,resource,Who created Retrocrush?,"created, Retrocrush"
384,resource,Who created Miss Marple?,"created, Miss Marple"
385,resource,Who created the comic Old Man Logan?,"created, comic, Old Man Logan"
386,resource,Who designed the Langebro?,"designed, Langebro"
387,resource,Who developed Quake engine?,"developed, Quake engine"
388,resource,Who developed the video game Duke Nukem 3D?,"developed, video game, Duke Nukem 3D"
389,resource,Who founded Sony?,"founded, Sony"
390,resource,Who is the editor of Semana?,"editor, Semana"
391,resource,Who is the founder of DC Comics?,"founder, DC Comics"
392,resource,Who is the heaviest player of the ASK Riga?,"heaviest, player, ASK Riga"
393,resource,Who is the manager of Gazelle FC?,"manager, Gazelle FC"
394,resource,Who is the mayor of Virar?,"mayor, Virar"
395,resource,Who is the mayor of the capital of New Caledonia?,"mayor, capital, New Caledonia"
396,resource,Who is the owner of Mazda?,"owner, Mazda"
397,resource,Who is the tallest player of Udinese Calcio?,"tallest, player, Udinese Calcio"
398,resource,Who is the youngest Snooker player?,"youngest, Snooker player"
399,resource,Who painted Unfinished portrait of General Bonaparte?,"painted, Unfinished portrait of General Bonaparte"
400,resource,Who produces Red Bull?,"produces, Red Bull"
401,resource,Who were the parents of Maria of Antioch?,"parents, Maria of Antioch"
402,resource,Who wrote the book Leave It to Psmith?,"wrote, book, Leave It to Psmith"
403,date,When was the Battle of Gettysburg?,Battle of Gettysburg
404,resource,List all the musicals with music by Elton John.,"musicals, music by, Elton John"
405,number,How high is the lighthouse in Colombo?,"high, lighthouse in Colombo"
406,resource,Who was the wife of U.S. president Lincoln?,"U.S. president, Lincoln, wife"
407,resource,Who is the host of the BBC Wildlife Specials?,"host, BBC Wildlife Specials"
408,number,How much did Pulp Fiction cost?,"cost, Pulp Fiction"
409,resource,In what city is the Heineken brewery?,"city, Heineken brewery"
410,date,When did Operation Overlord commence?,"when, Operation Overlord, commence"
411,resource,In which city does the Chile Route 68 end?,"city, Chile Route 68, ends"
412,resource,Who developed Slack?,"developer, Slack"
413,resource,Who was married to president Chirac?,"married to, president Chirac"
414,resource,What did Bruce Carver die from?,"Bruce Carver, die"
415,resource,Who painted The Storm on the Sea of Galilee?,"The Storm on the Sea of Galilee, paint"
416,resource,Which cities does the Weser flow through?,"Weser, flow through, city"
417,resource,How many seats does the home stadium of FC Porto have?,"How many seats, stadium of FC Porto"
418,resource,Who is the daughter of Robert Kennedy married to?,"Robert Kennedy, daughter, married"
419,resource,Which books by Kerouac were published by Viking Press?,"book, Kerouac, publish, Viking Press"
420,number,How tall is Amazon Eve?,"Amazon Eve, tall"
421,resource,Which museum exhibits The Scream by Munch?,"museum, Scream, Munch"
422,resource,Who wrote the book Les Piliers de la terre?,"wrote, book, The pillars of the Earth"
423,boolean,Is James Bond married?,"James Bond, married"
424,resource,Who discovered Ceres?,"discoverer, Ceres"
425,resource,Which river does the Brooklyn Bridge cross?,"river, cross, Brooklyn Bridge"
426,resource,Who was called Frank The Tank?,"called, Frank The Tank"
427,resource,What is the largest country in the world?,"largest country, world"
428,resource,Who is the mayor of Paris?,"mayor, Paris"
429,resource,Who is the coach of Ankara's ice hockey team?,"coach, ice hockey team, Ankara"
430,resource,Who is the mayor of the capital of French Polynesia?,"mayor, capital, French Polynesia"
431,resource,Which awards did Douglas Hofstadter win?,"Douglas Hofstadter, award"
432,string,How much did the Lego Movie cost?,"Lego Movie, cost"
433,resource,Where does Piccadilly start?,"Piccadilly, start"
434,boolean,Do Prince Harry and Prince William have the same parents?,"Prince Harry, Prince William, same, parents"
435,resource,Who played Agent Smith in Matrix?,"played, Agent Smith, Matrix"
436,number,How many languages are spoken in Turkmenistan?,"languages, Turkmenistan"
437,resource,In which films did Julia Roberts as well as Richard Gere play?,"film, play, Julia Roberts, Richard Gere"
438,resource,In which country does the Ganges start?,"Ganges, start, country"
439,date,In which year was Rachel Stevens born?,"year, born, Rachel Stevens"
440,boolean,Is Barack Obama a democrat?,"Barack Obama, democrat"
441,resource,Where was Bach born?,"birthplace, Bach"
442,number,How often did Jane Fonda marry?,"Jane Fonda, marry, how often"
443,resource,Who was the first to climb Mount Everest?,"first, climb, mount Everest"
444,number,How many people live in Poland?,"How many people, Poland"
445,resource,What is the location of the Houses of Parliament?,"location, Houses of Parliament"
446,boolean,Is Christian Bale starring in Batman Begins?,"Christian Bale, starring, Batman Begins"
447,resource,In which country is the Limerick Lake?,"Limerick Lake, country"
448,resource,What was the last movie with Alec Guinness?,"Alec Guinness, last, movie"
449,resource,What is the highest mountain in Australia?,"Australia, highest mountain"
450,boolean,Is Frank Herbert still alive?,"Frank Herbert, alive"
451,resource,Who created Family Guy?,"create, Family Guy"
452,resource,What is the official language of Suriname?,"Suriname, official language"
453,resource,Who wrote the song Hotel California?,"write, song, Hotel California"
454,resource,Give me all actors starring in movies directed by William Shatner.,"actor, starring, movie, direct, William Shatner"
455,resource,What is in a chocolate chip cookie?,"ingredients, chocolate chip cookie"
456,resource,Give me all professional skateboarders from Sweden.,"professional, skateboarder, Sweden"
457,resource,Which ingredients do I need for carrot cake?,"carrot cake, ingredients"
458,resource,Does Neymar play for Real Madrid?,"Neymar, play, Real Madrid"
459,resource,Which computer scientist won an oscar?,"computer scientist, win, oscar"
460,number,How many companies were founded in the same year as Google?,"companies, founded, same year, Google"
461,resource,In which UK city are the headquarters of the MI6?,"MI6, headquarters, city, UK"
462,boolean,Was the Cuban Missile Crisis earlier than the Bay of Pigs Invasion?,"Cuban Missile Crisis, earlier, Bay of Pigs Invasion"
463,resource,What does IYCM stand for?,"IYCM, stand for"
464,date,When did the Ming dynasty dissolve?,"dissolve, Ming dynasty"
465,resource,List all episodes of the first season of the HBO television series The Sopranos!,"HBO, television series, Sopranos, first season, episode"
466,number,"What is the total population of Melbourne, Florida?","total population, Melbourne Florida"
467,boolean,Did Arnold Schwarzenegger attend a university?,"Arnold Schwarzenegger, attend, university"
468,resource,What country is Mount Everest in?,"country, Mount Everest"
469,resource,What is the largest city in Australia?,"Australia, largest city"
470,resource,Give me all launch pads operated by NASA.,"launch pad, operate, NASA"
471,resource,Who is the mayor of Tel Aviv?,"Tel Aviv, mayor"
472,resource,List all episodes of the first season of the HBO television series The Sopranos.,"HBO, television series, Sopranos, first season, episode"
473,resource,Who created Batman?,"Batman, creator"
474,resource,Who played Gus Fring in Breaking Bad?,"play, Gus Fring, Breaking Bad"
475,resource,In which programming language is GIMP written?,"GIMP, programming language"
476,resource,In which ancient empire could you pay with cocoa beans?,"ancient empire, pay, cocoa beans"
477,resource,Who is the editor of Forbes?,"Forbes, editor"
478,number,How many people live in the capital of Australia?,"Australia, capital, people, live"
479,resource,Which professional surfers were born in Australia?,"professional surfer, born, Australia"
480,resource,Which electronics companies were founded in Beijing?,"electronics companies, founded, Beijing"
481,resource,Give me all video games published by Mean Hamster Software.,"video game, publish, Mean Hamster Software"
482,number,How many Aldi stores are there?,"own, Aldi"
483,resource,What is the capital of Cameroon?,"capital, Cameroon"
484,boolean,Is there a video game called Battle Chess?,"video game, Battle Chess"
485,boolean,Was the wife of president Lincoln called Mary?,"Lincoln, president, wife, called, Mary"
486,resource,Give me all movies directed by Francis Ford Coppola.,"movie, direct, Francis Ford Coppola"
487,resource,Which of Tim Burton's films had the highest budget?,"highest budget, film, Tim Burton"
488,boolean,Does Breaking Bad have more episodes than Game of Thrones?,"Breaking Bad, episodes, more than, Game of Thrones"
489,resource,Who was called Rodzilla?,"called, Rodzilla"
490,boolean,Was Natalie Portman born in the United States?,"Natalie Portman, born, United States"
491,resource,Give me the grandchildren of Elvis Presley.,"Elvis Presley, grandchildren"
492,resource,Which movies starring Mickey Rourke were directed by Guy Ritchie?,"movies, starring, Mickey Rourke, directed, Guy Ritchie"
493,resource,When did Dracula's creator die?,"Dracula, creator, die"
494,resource,Which country does the creator of Miffy come from?,"Miffy, creator, country"
495,string,What is Batman's real name?,"real name, Batman"
496,resource,What form of government does Russia have?,"form of government, Russia"
497,number,How many companies were founded by the founder of Facebook?,"companies, founded by, founder, Facebook"
498,resource,Give me all Canadian Grunge record labels.,"record label, Canadian, Grunge"
499,number,How many children did Benjamin Franklin have?,"Benjamin Franklin, child"
500,resource,List the children of Margaret Thatcher.,"Margaret Thatcher, child"
501,resource,From which region is the Melon de Bourgogne?,"region, Melon de Bourgogne"
502,resource,Who is the oldest child of Meryl Streep?,"oldest child, Meryl Streep"
503,boolean,Are tree frogs a type of amphibian?,"tree frog, amphibian"
504,boolean,Is Christian Bale starring in Velvet Goldmine?,"Christian Bale, starring, Velvet Goldmine"
505,resource,List all games by GMT.,"game, GMT"
506,boolean,Does the Isar flow into a lake?,"Isar, flow, lake"
507,resource,Which airports does Yeti Airlines serve?,"airports, Yeti Airlines"
508,resource,Which Indian company has the most employees?,"Indian company, the most employees"
509,resource,What color expresses loyalty?,"color, express, loyalty"
510,resource,Which city has the most inhabitants?,"city, the most inhabitants"
511,resource,Who created Wikipedia?,"Wikipedia, created"
512,boolean,Is Rita Wilson the wife of Tom Hanks?,"Rita Wilson, wife, Tom Hanks"
513,boolean,Is the wife of president Obama called Michelle?,"Obama, president, wife, called, Michelle"
514,number,How many ethnic groups live in Slovenia?,"how many, ethnic groups, Slovenia"
515,resource,Who is the president of Eritrea?,"president, Eritrea"
516,resource,Which films did Stanley Kubrick direct?,"film, Stanley Kubrick, direct"
517,date,When was the Titanic completed?,"Titanic, completion date"
518,resource,How many pages does War and Peace have?,"how many, pages, War and Peace"
519,resource,Who is the youngest player in the Premier League?,"player, Premier League, youngest"
520,resource,What is the highest mountain in Italy?,"highest, mountain, Italy"
521,number,How tall is Claudia Schiffer?,"Claudia Schiffer, tall"
522,resource,Who was John F. Kennedy's vice president?,"John F. Kennedy, vice president"
523,resource,Which subsidiary of Lufthansa serves both Dortmund and Berlin Tegel?,"subsidiary, Lufthansa, serve, Dortmund, Berlin Tegel"
524,resource,Who was the successor of John F. Kennedy?,"John F. Kennedy, successor"
525,resource,Who composed the soundtrack for Cameron's Titanic?,"compose, soundtrack, Cameron's Titanic"
526,resource,Which movies did Kurosawa direct?,"film, direct, Kurosawa"
527,resource,For which label did Elvis record his first album?,"Elvis, first, album, label"
528,resource,In which time zone is Rome?,"time zone, Rome"
529,resource,Give me the currency of China.,"currency, China"
530,resource,Who are the developers of DBpedia?,"developers, DBpedia"
531,boolean,Does Abraham Lincoln's death place have a website?,"Abraham Lincoln, death place, website"
532,resource,Who is the king of the Netherlands?,"king, the Netherlands"
533,resource,In which city did Nikos Kazantzakis die?,"city, Nikos Kazantzakis, die"
534,resource,Who was the father of Queen Elizabeth II?,"father, Queen Elizabeth II"
535,resource,Give me a list of all critically endangered birds.,"list, critically endangered birds"
536,number,How many inhabitants does the largest city in Canada have?,"inhabitants, largest city, Canada"
537,resource,In which military conflicts did Lawrence of Arabia participate?,"Lawrence of Arabia, military conflict"
538,resource,Which book has the most pages?,"book, the most pages"
539,resource,In which country does the Nile start?,"Nile, start, country"
540,resource,Who is the Formula 1 race driver with the most races?,"Formula 1, race driver, races, most"
541,resource,Which companies produce hovercrafts?,"companies, produce, hovercrafts"
542,boolean,Did Elvis Presley have children?,"Elvis Presley, children"
543,resource,In which city was the president of Montenegro born?,"city, born, president of Montenegro"
544,resource,Which country was Bill Gates born in?,"country, born, Bill Gates"
545,resource,In which countries do people speak Japanese?,"which countries, speak, Japanese"
546,resource,Show me the book that Muhammad Ali wrote.,"book, wrote, Muhammad Ali"
547,boolean,Is Michelle Obama the wife of Barack Obama?,"Michelle Obama, wife, Barack Obama"
548,number,What is the area code of Berlin?,"Berlin, area code"
549,resource,Give me all actors starring in Last Action Hero.,"actor, starring, Last Action Hero"
550,string,What are the nicknames of San Francisco?,"San Francisco, nickname"
551,resource,What was the first Queen album?,"first album, Queen"
552,resource,Through which countries does the Yenisei river flow?,"Yenisei river, flow through, country"
553,resource,Which television shows were created by Walt Disney?,"television show, create, Walt Disney"
554,resource,What is the bridge with the longest span?,"bridge, longest span"
555,resource,What country is Sitecore from?,"country, Sitecore"
556,resource,Whom did Lance Bass marry?,"wife, Lance Bass"
557,resource,What is the capital of Canada?,"capital, Canada"
558,resource,Who was Vincent van Gogh inspired by?,"person, inspiring, Vincent van Gogh"
559,resource,In which city did John F. Kennedy die?,"city, John F. Kennedy, die"
560,boolean,Was U.S. president Jackson involved in a war?,"U.S. president, Jackson, war"
561,resource,Who wrote the Game of Thrones theme?,"writer, Game of Thrones"
562,resource,Who designed the Brooklyn Bridge?,"Brooklyn Bridge, design"
563,date,When did Boris Becker end his active career?,"Boris Becker, end career"
564,resource,Which types of grapes grow in Oregon?,"grape types, grow, Oregon"
565,number,How tall is Michael Jordan?,"tall, Michael Jordan"
566,resource,To which party does the mayor of Paris belong?,"party, mayor, Paris, belong"
567,resource,Who wrote the book The Pillars of the Earth?,"wrote, book, The pillars of the Earth"
568,resource,Who was the 16th president of the United States?,"United States, 16th president"
569,number,How high is the Mount Everest?,"Mount Everest, high"
570,resource,Who was the doctoral supervisor of Albert Einstein?,"doctoral supervisor, Albert Einstein"
571,resource,In which city does Sylvester Stallone live?,"city, live, Sylvester Stallone"
572,resource,What is the currency of the Czech Republic?,"Czech republic, currency"
573,boolean,Did Socrates influence Aristotle?,"Socrates, influence, Aristotle"
574,resource,What is the time zone of Salt Lake City?,"Salt Lake City, time zone"
575,resource,Who is the son of Sonny and Cher?,"son, Sonny and Cher"
576,resource,In which city are the headquarters of the United Nations?,"city, headquarters of the United Nations"
577,resource,Who is the founder of Penguin Books?,"founder, Penguin Books"
578,date,When was Jack Wolfskin founded?,"Jack Wolfskin, founded"
579,resource,Who is the mayor of Rotterdam?,"mayor, Rotterdam"
580,resource,Give me all Swedish oceanographers.,"Swedish, oceanographer"
581,resource,Show me Hemingway's autobiography.,"autobiography, Hemingway"
582,resource,Who are the parents of the wife of Juan Carlos I?,"Juan Carlos I, wife, parents"
583,boolean,Did Tesla win a nobel prize in physics?,"Tesla, nobel prize, physics"
584,resource,Who is the tallest basketball player?,"tallest, basketball player"
585,resource,Which city has the least inhabitants?,"city, the least inhabitants"
586,boolean,Is proinsulin a protein?,"proinsulin, protein"
587,resource,Who were the parents of Queen Victoria?,"parents, Queen Victoria"
588,boolean,Did Che Guevara have children?,"children, Che Guevara"
589,boolean,Is Lake Baikal bigger than the Great Bear Lake?,"Lake Baikal, bigger than, Great Bear Lake"
590,boolean,Did Kaurismäki ever win the Grand Prix at Cannes?,"Kaurismäki, winner, Grand Prix at Cannes"
591,resource,Give me all books by William Goldman with more than 300 pages.,"book, William Goldman, pages, more than 300"
592,resource,Where is Fort Knox located?,"Fort Knox, located"
593,resource,In which U.S. state is Fort Knox located?,"Fort Knox, located, U.S. state"
594,resource,Where is Syngman Rhee buried?,"where, Syngman Rhee, buried"
595,resource,What is the timezone in San Pedro de Atacama?,"timezone, San Pedro de Atacama"
596,resource,To which artistic movement did the painter of The Three Dancers belong?,"artistic movement, painter, The Three Dancers"
597,resource,Which scientist is known for the Manhattan Project and the Nobel Peace Prize?,"scientist, known for, Manhattan Project, Nobel Peace Prize"
598,resource,Show me all books in Asimov's Foundation series.,"books, Asimov, Foundation series"
599,resource,Give me all cities in New Jersey with more than 100000 inhabitants.,"New Jersey, city, inhabitants, more than 100000"
600,resource,Which museum in New York has the most visitors?,"museum, New York, the most visitors"
601,number,How high is the Yokohama Marine Tower?,"high, Yokohama Marine Tower"
602,boolean,Does the new Battlestar Galactica series have more episodes than the old one?,"new BattleStar Galactica series, episodes, more, old Battle Star Galactica series"
603,resource,Who is the youngest Darts player?,"Darts player, youngest"
604,resource,Who developed the video game World of Warcraft?,"video game, World of Warcraft, develop"
605,resource,Who was the pope that founded the Vatican Television?,"pope, founded, Vatican Television"
606,resource,Who composed the music for Harold and Maude?,"Harold and Maude, compose, music"
607,resource,Give me all members of Prodigy.,"member, Prodigy"
608,resource,Who is starring in Spanish movies produced by Benicio del Toro?,"starring, Spanish movies, produced, Benicio del Toro"
609,resource,Which subsidiary of TUI Travel serves both Glasgow and Dublin?,"subsidiary, TUI Travel, serve, Glasgow, Dublin"
610,resource,In which country is Mecca located?,"country, located, Mecca"
611,number,How many languages are spoken in Colombia?,"languages, Colombia"
612,resource,What is the biggest stadium in Spain?,"biggest stadium, Spain"
613,resource,Which professional surfers were born on the Philippines?,"professional surfer, born, Philippines"
614,resource,What are the five boroughs of New York?,"five boroughs, New York"
615,boolean,Is Cola a beverage?,"Cola, beverage"
616,date,When did princess Diana die?,"date, princess Diana, died"
617,resource,Where in France is sparkling wine produced?,"produced, France, sparkling wine"
